id,priority,bucket,engine,mode,fen,notes,material_cp_white_minus_black,mode_options_applied,mode_options_missing,our_nnue_static_cp,our_classical_cp,our_eval_final_cp,internal_static_available,internal_static_error,internal_nnue_stm_cp,internal_nnue_white_cp,internal_classical_stm_cp,internal_classical_white_cp,internal_piece_count,uci_nnue_cp,uci_classical_cp,bestmove_final,score_volatility_cp,search_static_gap_d8_cp,suggested_class,sf_nnue_cp,sf_final_cp,sf_classical_cp,sf_bestmove_final,error,d4_score_cp,d4_score_raw,d4_bestmove,d4_nodes,d4_qnodes,d4_time_ms,sf_d4_score_cp,sf_d4_score_raw,sf_d4_bestmove,sf_d4_nodes,d6_score_cp,d6_score_raw,d6_bestmove,d6_nodes,d6_qnodes,d6_time_ms,sf_d6_score_cp,sf_d6_score_raw,sf_d6_bestmove,sf_d6_nodes,d8_score_cp,d8_score_raw,d8_bestmove,d8_nodes,d8_qnodes,d8_time_ms,sf_d8_score_cp,sf_d8_score_raw,sf_d8_bestmove,sf_d8_nodes,d10_score_cp,d10_score_raw,d10_bestmove,d10_nodes,d10_qnodes,d10_time_ms,sf_d10_score_cp,sf_d10_score_raw,sf_d10_bestmove,sf_d10_nodes
Q01,P1,quiet_static,our_engine,full_search,r2q1rk1/ppp2ppp/2n1bn2/3pp3/3P4/2PBPN2/PP1N1PPP/R2Q1RK1 w - - 0 1,Italian-like quiet center,0,,,16,-67,,True,,16,16,-67,-67,30,,,f3e5,60,142,unclassified,,,,,,99,cp:99,f3e5,2864,,486,,,,,98,cp:98,f3e5,5774,,526,,,,,158,cp:158,f3e5,14269,,645,,,,,159,cp:159,f3e5,33924,,942,,,,
Q02,P1,quiet_static,our_engine,full_search,r1bq1rk1/pp2bppp/2n1pn2/2ppN3/3P4/2P1PN2/PP1BBPPP/R2Q1RK1 w - - 0 1,Sicilian developed center,0,,,17,130,,True,,17,17,130,130,32,,,e5c6,12,-4,unclassified,,,,,,25,cp:25,e5c6,2328,,57,,,,,25,cp:25,e5c6,8743,,132,,,,,13,cp:13,e5c6,35563,,477,,,,,25,cp:25,e5c6,138300,,1879,,,,
Q03,P1,quiet_static,our_engine,full_search,r2q1rk1/1pp1bppp/p1npbn2/4p3/2BPP3/2N1BN2/PPP2PPP/R2Q1RK1 w - - 0 1,"Closed center, active minors",0,,,21,-4,,True,,21,21,-4,-4,32,,,c4e6,9,11,unclassified,,,,,,36,cp:36,c4e6,1717,,51,,,,,41,cp:41,c4e6,4472,,92,,,,,32,cp:32,c4e6,17167,,270,,,,,26,cp:26,c4e6,48638,,761,,,,
Q04,P1,quiet_static,our_engine,full_search,r2q1rk1/pp2bppp/2n1bn2/2pp4/3P4/2NBPN2/PPQ2PPP/R1B2RK1 w - - 0 1,QGD/Carlsbad development,0,,,-2,-59,,True,,-2,-2,-59,-59,30,,,d4c5,38,-8,unclassified,,,,,,-4,cp:-4,f3g5,2138,,60,,,,,-42,cp:-42,f3g5,13598,,215,,,,,-10,cp:-10,d4c5,39608,,607,,,,,-16,cp:-16,d4c5,67665,,1036,,,,
Q05,P1,quiet_static,our_engine,full_search,r2q1rk1/pp2bppp/2n1bn2/2ppp3/3PP3/2PB1N2/PP1N1PPP/R1BQ1RK1 w - - 0 1,French-style locked center,0,,,-16,-128,,True,,-16,-16,-128,-128,32,,,d4e5,57,101,unclassified,,,,,,30,cp:30,e4d5,3288,,64,,,,,87,cp:87,d4e5,7406,,118,,,,,85,cp:85,d4e5,14816,,214,,,,,92,cp:92,d4e5,47757,,710,,,,
Q06,P1,quiet_static,our_engine,full_search,r2q1rk1/pp1bbppp/2n1pn2/2pp4/2PP4/2NBPN2/PP2BPPP/R2Q1RK1 w - - 0 1,English/QGD quiet tension,0,,,26,28,,True,,26,26,28,28,32,,,c4d5,11,-10,unclassified,,,,,,27,cp:27,c4d5,2734,,64,,,,,16,cp:16,c4d5,8162,,138,,,,,16,cp:16,c4d5,24821,,388,,,,,15,cp:15,c4d5,81702,,1188,,,,
Q07,P1,quiet_static,our_engine,full_search,r2q1rk1/pp2bppp/2npbn2/2p1p3/2PPP3/2N1BN2/PP2BPPP/R2Q1RK1 w - - 0 1,KID/Benoni-style closed center,0,,,56,131,,True,,56,56,131,131,32,,,d4d5,21,417,unclassified,,,,,,469,cp:469,d4d5,1707,,49,,,,,490,cp:490,d4d5,13651,,209,,,,,473,cp:473,d4d5,35355,,529,,,,,478,cp:478,d4d5,100636,,1558,,,,
Q08,P1,quiet_static,our_engine,full_search,r1bq1rk1/pp2bppp/2n1pn2/2pp4/2PP4/2N1PN2/PP1BBPPP/R2Q1RK1 w - - 0 1,Maroczy-like quiet structure,0,,,21,61,,True,,21,21,61,61,32,,,c4d5,15,-4,unclassified,,,,,,37,cp:37,c4d5,1490,,48,,,,,22,cp:22,c4d5,4526,,89,,,,,17,cp:17,c4d5,19654,,298,,,,,24,cp:24,c4d5,47404,,668,,,,
P01,P1,pawn_endgame_rfp,our_engine,full_search,8/8/8/3k4/3P4/3K4/8/8 w - - 0 1,"Opposition, white to move",100,,,0,150,,True,,0,0,150,150,3,,,d3c3,15,15,unclassified,,,,,,0,cp:0,d3c2,197,,34,,,,,0,cp:0,d3c2,620,,39,,,,,15,cp:15,d3c3,3055,,54,,,,,16,cp:16,d3c3,6145,,74,,,,
P02,P1,pawn_endgame_rfp,our_engine,full_search,8/8/8/3k4/3P4/3K4/8/8 b - - 0 1,"Opposition, black to move",100,,,0,-150,,True,,0,0,-150,150,3,,,d5d6,22,-22,unclassified,,,,,,-10,cp:-10,d5e6,422,,32,,,,,0,cp:0,d5d6,935,,38,,,,,-22,cp:-22,d5d6,3252,,54,,,,,-44,cp:-44,d5d6,7012,,77,,,,
P03,P1,pawn_endgame_rfp,our_engine,full_search,8/8/8/8/2k5/8/2P5/2K5 w - - 0 1,"K+P boundary, white to move",100,,,0,70,,True,,0,0,70,70,3,,,c1d1,0,0,unclassified,,,,,,0,cp:0,c1d1,139,,31,,,,,0,cp:0,c1d1,409,,33,,,,,0,cp:0,c1d1,1280,,40,,,,,0,cp:0,c1d1,3982,,55,,,,
P04,P1,pawn_endgame_rfp,our_engine,full_search,8/8/8/8/2k5/8/2P5/2K5 b - - 0 1,"K+P boundary, black to move",100,,,0,-70,,True,,0,0,-70,70,3,,,c4c3,0,0,unclassified,,,,,,0,cp:0,c4c3,152,,33,,,,,0,cp:0,c4c3,507,,38,,,,,0,cp:0,c4c3,1357,,45,,,,,0,cp:0,c4c3,3647,,61,,,,
P05,P1,pawn_endgame_rfp,our_engine,full_search,8/5k2/6p1/5p2/5P2/6P1/5K2/8 w - - 0 1,Passed pawn race,0,,,9,0,,True,,9,9,0,0,6,,,f2e2,0,-9,unclassified,,,,,,0,cp:0,f2e2,903,,49,,,,,0,cp:0,f2e2,1677,,53,,,,,0,cp:0,f2e2,3399,,69,,,,,0,cp:0,f2e2,6566,,94,,,,
P06,P1,pawn_endgame_rfp,our_engine,full_search,8/6k1/6p1/5p2/P4P2/6P1/6K1/8 w - - 0 1,Outside passer race,100,,,118,990,,True,,118,118,990,990,7,,,a4a5,1566,1679,unstable,,,,,,146,cp:146,a4a5,437,,33,,,,,231,cp:231,a4a5,1835,,46,,,,,1797,cp:1797,a4a5,148937,,1549,,,,,1310,cp:1310,a4a5,306316,,2903,,,,
N01,P1,low_material_nmp,our_engine,full_search,8/8/8/3k4/3P4/3K1N2/8/8 w - - 0 1,Pawn opposition plus knight; NMP guard candidate,420,,,807,478,,True,,807,807,478,478,4,,,f3e5,287,161,unstable,,,,,,1016,cp:1016,f3e5,686,,36,,,,,904,cp:904,f3e5,3245,,59,,,,,968,cp:968,f3e5,10123,,128,,,,,1255,cp:1255,f3e5,32141,,326,,,,
N02,P1,low_material_nmp,our_engine,full_search,8/8/5n2/3k4/3P4/3K4/8/8 b - - 0 1,Pawn opposition plus black knight; NMP guard candidate,-220,,,10,229,,True,,10,-10,229,-229,4,,,f6g4,635,677,unstable,,,,,,22,cp:22,f6g4,1009,,39,,,,,52,cp:52,f6g4,2315,,51,,,,,687,cp:687,f6g4,10114,,121,,,,,544,cp:544,f6g4,65924,,600,,,,
N03,P1,low_material_nmp,our_engine,full_search,8/8/8/3k4/3P4/3K4/4B3/8 w - - 0 1,Pawn opposition plus bishop; NMP guard candidate,430,,,263,455,,True,,263,263,455,455,4,,,e2d1,294,1071,unstable,,,,,,1040,cp:1040,e2d1,1311,,44,,,,,1334,cp:1334,e2d1,4272,,72,,,,,1334,cp:1334,e2f3,15221,,186,,,,,1249,cp:1249,e2d1,39052,,392,,,,
N04,P1,low_material_nmp,our_engine,full_search,8/8/8/3k4/3P4/3K4/8/4b3 b - - 0 1,Pawn opposition plus black bishop; NMP guard candidate,-230,,,21,247,,True,,21,-21,247,-247,4,,,e1h4,361,658,unstable,,,,,,47,cp:47,e1b4,688,,36,,,,,318,cp:318,e1a5,4860,,73,,,,,679,cp:679,e1f2,15273,,172,,,,,632,cp:632,e1h4,33645,,345,,,,
T01,P1,tactical_search,our_engine,full_search,r3k2r/p1ppqpb1/bn2pnp1/2pPN3/1p2P3/2N2Q2/PPPBBPPP/R3K2R w KQkq - 0 1,"Kiwipete-like, corrected to 8 black pawns",0,,,-17,390,,True,,-17,-17,390,390,32,,,e2a6,27,10,unclassified,,,,,,33,cp:33,e2a6,4228,,103,,,,,6,cp:6,e2a6,17431,,353,,,,,-7,cp:-7,e2a6,38971,,795,,,,,-4,cp:-4,e2a6,123226,,2416,,,,
T02,P1,tactical_search,our_engine,full_search,r2q1rk1/ppp2ppp/2n2n2/2bpp3/4P3/2NP1N2/PPP2PPP/R1BQ1RK1 w - - 0 1,Central tension capture sequence,0,,,14,-98,,True,,14,14,-98,-98,30,,,c1g5,25,38,unclassified,,,,,,24,cp:24,c1g5,4418,,86,,,,,27,cp:27,c1g5,9360,,172,,,,,52,cp:52,c1g5,29329,,446,,,,,55,cp:55,c1g5,59933,,872,,,,
T03,P1,tactical_search,our_engine,full_search,r1bq1rk1/ppp2ppp/2n2n2/3pp3/1b1PP3/2N2N2/PPP2PPP/R1BQKB1R w KQ - 0 1,"King-side pressure, uncastled king",0,,,-22,-123,,True,,-22,-22,-123,-123,32,,,f3e5,30,-100,unclassified,,,,,,-79,cp:-79,d4e5,3691,,81,,,,,-92,cp:-92,a2a3,17018,,274,,,,,-122,cp:-122,a2a3,63173,,1012,,,,,-117,cp:-117,f3e5,194969,,3269,,,,
T04,P1,tactical_search,our_engine,full_search,r2q1rk1/ppp2ppp/2n2n2/3pp3/1b1PP3/2N2N2/PPP2PPP/R1BQ1RK1 w - - 0 1,Exposed king / attacking compensation,0,,,24,4,,True,,24,24,4,4,30,,,c3d5,35,50,unclassified,,,,,,21,cp:21,f3e5,4015,,79,,,,,56,cp:56,c3d5,10503,,163,,,,,74,cp:74,c3d5,33167,,470,,,,,76,cp:76,c3d5,78891,,1104,,,,
T05,P1,tactical_search,our_engine,full_search,r1bq1rk1/ppp2ppp/2n2n2/3pp3/3PP3/2N2N2/PPP2PPP/R1BQ1RK1 w - - 0 1,Sacrifice-compensation candidate,0,,,19,10,,True,,19,19,10,10,30,,,c1g5,42,49,unclassified,,,,,,20,cp:20,e4d5,3616,,67,,,,,62,cp:62,d4e5,9786,,147,,,,,68,cp:68,c1g5,43020,,589,,,,,70,cp:70,c1g5,167464,,2291,,,,
T06,P1,tactical_search,our_engine,full_search,r1bq1rk1/ppp2ppp/2n2n2/3pp3/1b1PP3/2N1BN2/PPP2PPP/R2QKB1R w KQ - 0 1,Pinned knight / central break candidate,0,,,-16,-71,,True,,-16,-16,-71,-71,32,,,f3e5,61,-102,unclassified,,,,,,-66,cp:-66,f3e5,3216,,75,,,,,-57,cp:-57,e4d5,21196,,422,,,,,-118,cp:-118,a2a3,66783,,1244,,,,,-118,cp:-118,f3e5,157827,,2935,,,,
Q01,P1,quiet_static,our_engine,no_nmp_rfp_razor,r2q1rk1/ppp2ppp/2n1bn2/3pp3/3P4/2PBPN2/PP1N1PPP/R2Q1RK1 w - - 0 1,Italian-like quiet center,0,Enable NMP=false;Enable RFP=false;Enable Razoring=false,,16,-67,,True,,16,16,-67,-67,30,,,f3e5,29,96,unclassified,,,,,,99,cp:99,f3e5,2930,,272,,,,,98,cp:98,f3e5,7037,,327,,,,,112,cp:112,f3e5,32904,,700,,,,,141,cp:141,f3e5,123264,,2162,,,,
Q02,P1,quiet_static,our_engine,no_nmp_rfp_razor,r1bq1rk1/pp2bppp/2n1pn2/2ppN3/3P4/2P1PN2/PP1BBPPP/R2Q1RK1 w - - 0 1,Sicilian developed center,0,Enable NMP=false;Enable RFP=false;Enable Razoring=false,,17,130,,True,,17,17,130,130,32,,,e5c6,12,-4,unclassified,,,,,,25,cp:25,e5c6,2585,,64,,,,,25,cp:25,e5c6,10029,,158,,,,,13,cp:13,e5c6,41180,,593,,,,,15,cp:15,e5c6,250590,,3557,,,,
Q03,P1,quiet_static,our_engine,no_nmp_rfp_razor,r2q1rk1/1pp1bppp/p1npbn2/4p3/2BPP3/2N1BN2/PPP2PPP/R2Q1RK1 w - - 0 1,"Closed center, active minors",0,Enable NMP=false;Enable RFP=false;Enable Razoring=false,,21,-4,,True,,21,21,-4,-4,32,,,d4d5,88,11,unclassified,,,,,,36,cp:36,c4e6,2082,,58,,,,,41,cp:41,c4e6,6176,,119,,,,,32,cp:32,c4e6,23061,,379,,,,,120,cp:120,d4d5,110595,,1761,,,,
Q04,P1,quiet_static,our_engine,no_nmp_rfp_razor,r2q1rk1/pp2bppp/2n1bn2/2pp4/3P4/2NBPN2/PPQ2PPP/R1B2RK1 w - - 0 1,QGD/Carlsbad development,0,Enable NMP=false;Enable RFP=false;Enable Razoring=false,,-2,-59,,True,,-2,-2,-59,-59,30,,,d4c5,38,-9,unclassified,,,,,,-4,cp:-4,f3g5,2147,,60,,,,,-42,cp:-42,f3g5,15880,,256,,,,,-11,cp:-11,d4c5,55305,,850,,,,,-22,cp:-22,d4c5,122377,,1918,,,,
Q05,P1,quiet_static,our_engine,no_nmp_rfp_razor,r2q1rk1/pp2bppp/2n1bn2/2ppp3/3PP3/2PB1N2/PP1N1PPP/R1BQ1RK1 w - - 0 1,French-style locked center,0,Enable NMP=false;Enable RFP=false;Enable Razoring=false,,-16,-128,,True,,-16,-16,-128,-128,32,,,d4e5,57,106,unclassified,,,,,,30,cp:30,e4d5,3231,,68,,,,,87,cp:87,d4e5,11304,,176,,,,,90,cp:90,d4e5,46248,,697,,,,,92,cp:92,d4e5,146517,,2175,,,,
Q06,P1,quiet_static,our_engine,no_nmp_rfp_razor,r2q1rk1/pp1bbppp/2n1pn2/2pp4/2PP4/2NBPN2/PP2BPPP/R2Q1RK1 w - - 0 1,English/QGD quiet tension,0,Enable NMP=false;Enable RFP=false;Enable Razoring=false,,26,28,,True,,26,26,28,28,32,,,c4d5,11,-10,unclassified,,,,,,27,cp:27,c4d5,2717,,66,,,,,16,cp:16,c4d5,9254,,152,,,,,16,cp:16,c4d5,40195,,587,,,,,25,cp:25,c4d5,170807,,2544,,,,
Q07,P1,quiet_static,our_engine,no_nmp_rfp_razor,r2q1rk1/pp2bppp/2npbn2/2p1p3/2PPP3/2N1BN2/PP2BPPP/R2Q1RK1 w - - 0 1,KID/Benoni-style closed center,0,Enable NMP=false;Enable RFP=false;Enable Razoring=false,,56,131,,True,,56,56,131,131,32,,,d4d5,121,463,unstable,,,,,,469,cp:469,d4d5,2059,,51,,,,,590,cp:590,d4d5,13923,,231,,,,,519,cp:519,d4d5,57476,,903,,,,,512,cp:512,d4d5,185668,,2924,,,,
Q08,P1,quiet_static,our_engine,no_nmp_rfp_razor,r1bq1rk1/pp2bppp/2n1pn2/2pp4/2PP4/2N1PN2/PP1BBPPP/R2Q1RK1 w - - 0 1,Maroczy-like quiet structure,0,Enable NMP=false;Enable RFP=false;Enable Razoring=false,,21,61,,True,,21,21,61,61,32,,,d4c5,15,2,unclassified,,,,,,37,cp:37,c4d5,1445,,49,,,,,22,cp:22,c4d5,5017,,99,,,,,23,cp:23,c4d5,23418,,351,,,,,31,cp:31,d4c5,171115,,2451,,,,
P01,P1,pawn_endgame_rfp,our_engine,no_nmp_rfp_razor,8/8/8/3k4/3P4/3K4/8/8 w - - 0 1,"Opposition, white to move",100,Enable NMP=false;Enable RFP=false;Enable Razoring=false,,0,150,,True,,0,0,150,150,3,,,d3c3,15,15,unclassified,,,,,,0,cp:0,d3c2,197,,32,,,,,0,cp:0,d3c2,620,,36,,,,,15,cp:15,d3c3,3147,,53,,,,,16,cp:16,d3c3,6310,,74,,,,
P02,P1,pawn_endgame_rfp,our_engine,no_nmp_rfp_razor,8/8/8/3k4/3P4/3K4/8/8 b - - 0 1,"Opposition, black to move",100,Enable NMP=false;Enable RFP=false;Enable Razoring=false,,0,-150,,True,,0,0,-150,150,3,,,d5d6,49,-49,unclassified,,,,,,-10,cp:-10,d5e6,422,,40,,,,,0,cp:0,d5d6,970,,44,,,,,-49,cp:-49,d5d6,3128,,60,,,,,-22,cp:-22,d5d6,5889,,76,,,,
P03,P1,pawn_endgame_rfp,our_engine,no_nmp_rfp_razor,8/8/8/8/2k5/8/2P5/2K5 w - - 0 1,"K+P boundary, white to move",100,Enable NMP=false;Enable RFP=false;Enable Razoring=false,,0,70,,True,,0,0,70,70,3,,,c1d1,0,0,unclassified,,,,,,0,cp:0,c1d1,139,,36,,,,,0,cp:0,c1d1,409,,38,,,,,0,cp:0,c1d1,1281,,45,,,,,0,cp:0,c1d1,3983,,58,,,,
P04,P1,pawn_endgame_rfp,our_engine,no_nmp_rfp_razor,8/8/8/8/2k5/8/2P5/2K5 b - - 0 1,"K+P boundary, black to move",100,Enable NMP=false;Enable RFP=false;Enable Razoring=false,,0,-70,,True,,0,0,-70,70,3,,,c4c3,0,0,unclassified,,,,,,0,cp:0,c4c3,152,,33,,,,,0,cp:0,c4c3,507,,36,,,,,0,cp:0,c4c3,1365,,42,,,,,0,cp:0,c4c3,3666,,58,,,,
P05,P1,pawn_endgame_rfp,our_engine,no_nmp_rfp_razor,8/5k2/6p1/5p2/5P2/6P1/5K2/8 w - - 0 1,Passed pawn race,0,Enable NMP=false;Enable RFP=false;Enable Razoring=false,,9,0,,True,,9,9,0,0,6,,,f2e2,0,-9,unclassified,,,,,,0,cp:0,f2e2,903,,41,,,,,0,cp:0,f2e2,1676,,49,,,,,0,cp:0,f2e2,3609,,65,,,,,0,cp:0,f2e2,8050,,102,,,,
P06,P1,pawn_endgame_rfp,our_engine,no_nmp_rfp_razor,8/6k1/6p1/5p2/P4P2/6P1/6K1/8 w - - 0 1,Outside passer race,100,Enable NMP=false;Enable RFP=false;Enable Razoring=false,,118,990,,True,,118,118,990,990,7,,,a4a5,1872,1985,unstable,,,,,,146,cp:146,a4a5,437,,36,,,,,231,cp:231,a4a5,1841,,49,,,,,2103,cp:2103,a4a5,925021,,8598,,,,,2096,cp:2096,a4a5,945552,,8776,,,,
N01,P1,low_material_nmp,our_engine,no_nmp_rfp_razor,8/8/8/3k4/3P4/3K1N2/8/8 w - - 0 1,Pawn opposition plus knight; NMP guard candidate,420,Enable NMP=false;Enable RFP=false;Enable Razoring=false,,807,478,,True,,807,807,478,478,4,,,f3e1,110,248,unclassified,,,,,,953,cp:953,f3e5,852,,35,,,,,970,cp:970,f3h4,4048,,70,,,,,1055,cp:1055,f3e1,20740,,241,,,,,1165,cp:1165,f3e1,67666,,725,,,,
N02,P1,low_material_nmp,our_engine,no_nmp_rfp_razor,8/8/5n2/3k4/3P4/3K4/8/8 b - - 0 1,Pawn opposition plus black knight; NMP guard candidate,-220,Enable NMP=false;Enable RFP=false;Enable Razoring=false,,10,229,,True,,10,-10,229,-229,4,,,f6g4,436,478,unstable,,,,,,22,cp:22,f6g4,1022,,37,,,,,52,cp:52,f6g4,2325,,49,,,,,488,cp:488,f6g4,15812,,168,,,,,484,cp:484,f6g4,53120,,489,,,,
N03,P1,low_material_nmp,our_engine,no_nmp_rfp_razor,8/8/8/3k4/3P4/3K4/4B3/8 w - - 0 1,Pawn opposition plus bishop; NMP guard candidate,430,Enable NMP=false;Enable RFP=false;Enable Razoring=false,,263,455,,True,,263,263,455,455,4,,,e2f3,131,950,unstable,,,,,,1028,cp:1028,e2f3,1726,,48,,,,,1139,cp:1139,e2f3,7698,,116,,,,,1213,cp:1213,e2f3,25557,,299,,,,,1344,cp:1344,e2f3,92694,,978,,,,
N04,P1,low_material_nmp,our_engine,no_nmp_rfp_razor,8/8/8/3k4/3P4/3K4/8/4b3 b - - 0 1,Pawn opposition plus black bishop; NMP guard candidate,-230,Enable NMP=false;Enable RFP=false;Enable Razoring=false,,21,247,,True,,21,-21,247,-247,4,,,e1f2,581,67,unstable,,,,,,47,cp:47,e1b4,686,,35,,,,,88,cp:88,e1g3,5025,,81,,,,,88,cp:88,e1h4,13917,,156,,,,,669,cp:669,e1f2,53696,,523,,,,
T01,P1,tactical_search,our_engine,no_nmp_rfp_razor,r3k2r/p1ppqpb1/bn2pnp1/2pPN3/1p2P3/2N2Q2/PPPBBPPP/R3K2R w KQkq - 0 1,"Kiwipete-like, corrected to 8 black pawns",0,Enable NMP=false;Enable RFP=false;Enable Razoring=false,,-17,390,,True,,-17,-17,390,390,32,,,e2a6,27,10,unclassified,,,,,,33,cp:33,e2a6,4354,,103,,,,,6,cp:6,e2a6,24686,,495,,,,,-7,cp:-7,e2a6,63890,,1282,,,,,-23,cp:-23,e2a6,250449,,4736,,,,
T02,P1,tactical_search,our_engine,no_nmp_rfp_razor,r2q1rk1/ppp2ppp/2n2n2/2bpp3/4P3/2NP1N2/PPP2PPP/R1BQ1RK1 w - - 0 1,Central tension capture sequence,0,Enable NMP=false;Enable RFP=false;Enable Razoring=false,,14,-98,,True,,14,14,-98,-98,30,,,c1g5,27,40,unclassified,,,,,,24,cp:24,c1g5,5337,,92,,,,,27,cp:27,c1g5,10751,,171,,,,,54,cp:54,c1g5,39520,,558,,,,,55,cp:55,c1g5,114144,,1637,,,,
T03,P1,tactical_search,our_engine,no_nmp_rfp_razor,r1bq1rk1/ppp2ppp/2n2n2/3pp3/1b1PP3/2N2N2/PPP2PPP/R1BQKB1R w KQ - 0 1,"King-side pressure, uncastled king",0,Enable NMP=false;Enable RFP=false;Enable Razoring=false,,-22,-123,,True,,-22,-22,-123,-123,32,,,f3e5,48,-118,unclassified,,,,,,-79,cp:-79,d4e5,4013,,82,,,,,-92,cp:-92,a2a3,22420,,335,,,,,-140,cp:-140,f3e5,115150,,1865,,,,,-131,cp:-131,f3e5,229320,,3720,,,,
T04,P1,tactical_search,our_engine,no_nmp_rfp_razor,r2q1rk1/ppp2ppp/2n2n2/3pp3/1b1PP3/2N2N2/PPP2PPP/R1BQ1RK1 w - - 0 1,Exposed king / attacking compensation,0,Enable NMP=false;Enable RFP=false;Enable Razoring=false,,24,4,,True,,24,24,4,4,30,,,c3d5,35,50,unclassified,,,,,,21,cp:21,f3e5,4209,,87,,,,,56,cp:56,c3d5,11451,,181,,,,,74,cp:74,c3d5,35259,,505,,,,,98,cp:98,c3d5,131133,,1821,,,,
T05,P1,tactical_search,our_engine,no_nmp_rfp_razor,r1bq1rk1/ppp2ppp/2n2n2/3pp3/3PP3/2N2N2/PPP2PPP/R1BQ1RK1 w - - 0 1,Sacrifice-compensation candidate,0,Enable NMP=false;Enable RFP=false;Enable Razoring=false,,19,10,,True,,19,19,10,10,30,,,d4e5,42,43,unclassified,,,,,,20,cp:20,e4d5,3444,,75,,,,,62,cp:62,d4e5,9612,,149,,,,,62,cp:62,d4e5,27703,,400,,,,,69,cp:69,d4e5,129390,,1861,,,,
T06,P1,tactical_search,our_engine,no_nmp_rfp_razor,r1bq1rk1/ppp2ppp/2n2n2/3pp3/1b1PP3/2N1BN2/PPP2PPP/R2QKB1R w KQ - 0 1,Pinned knight / central break candidate,0,Enable NMP=false;Enable RFP=false;Enable Razoring=false,,-16,-71,,True,,-16,-16,-71,-71,32,,,f3e5,81,-122,unclassified,,,,,,-66,cp:-66,f3e5,3502,,83,,,,,-57,cp:-57,e4d5,23014,,436,,,,,-138,cp:-138,a2a3,144838,,2504,,,,,-109,cp:-109,f3e5,262866,,4446,,,,
Q01,P1,quiet_static,our_engine,no_lmr,r2q1rk1/ppp2ppp/2n1bn2/3pp3/3P4/2PBPN2/PP1N1PPP/R2Q1RK1 w - - 0 1,Italian-like quiet center,0,Enable LMR=false,,16,-67,,True,,16,16,-67,-67,30,,,f3e5,60,142,unclassified,,,,,,99,cp:99,f3e5,4074,,279,,,,,98,cp:98,f3e5,20626,,501,,,,,158,cp:158,f3e5,69430,,1180,,,,,174,cp:174,f3e5,255338,,4031,,,,
Q02,P1,quiet_static,our_engine,no_lmr,r1bq1rk1/pp2bppp/2n1pn2/2ppN3/3P4/2P1PN2/PP1BBPPP/R2Q1RK1 w - - 0 1,Sicilian developed center,0,Enable LMR=false,,17,130,,True,,17,17,130,130,32,,,e5c6,12,17,unclassified,,,,,,25,cp:25,e5c6,3338,,68,,,,,25,cp:25,e5c6,15795,,216,,,,,34,cp:34,e5c6,126703,,1743,,,,,22,cp:22,e5c6,709172,,10430,,,,
Q03,P1,quiet_static,our_engine,no_lmr,r2q1rk1/1pp1bppp/p1npbn2/4p3/2BPP3/2N1BN2/PPP2PPP/R2Q1RK1 w - - 0 1,"Closed center, active minors",0,Enable LMR=false,,21,-4,,True,,21,21,-4,-4,32,,,d4d5,79,99,unclassified,,,,,,36,cp:36,c4e6,2929,,66,,,,,41,cp:41,c4e6,10973,,176,,,,,120,cp:120,d4d5,58043,,833,,,,,174,cp:174,d4d5,106855,,1544,,,,
Q04,P1,quiet_static,our_engine,no_lmr,r2q1rk1/pp2bppp/2n1bn2/2pp4/3P4/2NBPN2/PPQ2PPP/R1B2RK1 w - - 0 1,QGD/Carlsbad development,0,Enable LMR=false,,-2,-59,,True,,-2,-2,-59,-59,30,,,f3g5,38,-9,unclassified,,,,,,-4,cp:-4,f3g5,3299,,74,,,,,-42,cp:-42,f3g5,40905,,628,,,,,-11,cp:-11,d4c5,257755,,4124,,,,,-1,cp:-1,f3g5,910754,,14220,,,,
Q05,P1,quiet_static,our_engine,no_lmr,r2q1rk1/pp2bppp/2n1bn2/2ppp3/3PP3/2PB1N2/PP1N1PPP/R1BQ1RK1 w - - 0 1,French-style locked center,0,Enable LMR=false,,-16,-128,,True,,-16,-16,-128,-128,32,,,d4e5,42,115,unclassified,,,,,,30,cp:30,e4d5,5431,,92,,,,,72,cp:72,d4e5,18243,,252,,,,,99,cp:99,d4e5,49649,,716,,,,,99,cp:99,d4e5,255680,,3680,,,,
Q06,P1,quiet_static,our_engine,no_lmr,r2q1rk1/pp1bbppp/2n1pn2/2pp4/2PP4/2NBPN2/PP2BPPP/R2Q1RK1 w - - 0 1,English/QGD quiet tension,0,Enable LMR=false,,26,28,,True,,26,26,28,28,32,,,c4d5,11,-10,unclassified,,,,,,27,cp:27,c4d5,6279,,115,,,,,16,cp:16,c4d5,34979,,502,,,,,16,cp:16,c4d5,197503,,2851,,,,,17,cp:17,c4d5,610986,,8636,,,,
Q07,P1,quiet_static,our_engine,no_lmr,r2q1rk1/pp2bppp/2npbn2/2p1p3/2PPP3/2N1BN2/PP2BPPP/R2Q1RK1 w - - 0 1,KID/Benoni-style closed center,0,Enable LMR=false,,56,131,,True,,56,56,131,131,32,,,d4d5,80,354,unclassified,,,,,,469,cp:469,d4d5,1852,,53,,,,,490,cp:490,d4d5,19463,,303,,,,,410,cp:410,d4d5,121853,,1840,,,,,472,cp:472,d4d5,443082,,6748,,,,
Q08,P1,quiet_static,our_engine,no_lmr,r1bq1rk1/pp2bppp/2n1pn2/2pp4/2PP4/2N1PN2/PP1BBPPP/R2Q1RK1 w - - 0 1,Maroczy-like quiet structure,0,Enable LMR=false,,21,61,,True,,21,21,61,61,32,,,d4c5,15,-4,unclassified,,,,,,37,cp:37,c4d5,2392,,64,,,,,22,cp:22,c4d5,13370,,200,,,,,17,cp:17,c4d5,150351,,2086,,,,,32,cp:32,d4c5,741011,,10227,,,,
P01,P1,pawn_endgame_rfp,our_engine,no_lmr,8/8/8/3k4/3P4/3K4/8/8 w - - 0 1,"Opposition, white to move",100,Enable LMR=false,,0,150,,True,,0,0,150,150,3,,,d3c3,13,15,unclassified,,,,,,0,cp:0,d3c2,221,,33,,,,,2,cp:2,d3c3,1291,,41,,,,,15,cp:15,d3c3,3732,,55,,,,,27,cp:27,d3c3,10195,,100,,,,
P02,P1,pawn_endgame_rfp,our_engine,no_lmr,8/8/8/3k4/3P4/3K4/8/8 b - - 0 1,"Opposition, black to move",100,Enable LMR=false,,0,-150,,True,,0,0,-150,150,3,,,d5d6,41,-41,unclassified,,,,,,-10,cp:-10,d5e6,422,,31,,,,,0,cp:0,d5d6,1087,,37,,,,,-41,cp:-41,d5d6,4074,,61,,,,,-44,cp:-44,d5d6,8588,,100,,,,
P03,P1,pawn_endgame_rfp,our_engine,no_lmr,8/8/8/8/2k5/8/2P5/2K5 w - - 0 1,"K+P boundary, white to move",100,Enable LMR=false,,0,70,,True,,0,0,70,70,3,,,c1b2,16,0,unclassified,,,,,,0,cp:0,c1d1,175,,33,,,,,0,cp:0,c1d1,769,,38,,,,,0,cp:0,c1d1,2701,,51,,,,,16,cp:16,c1b2,9422,,98,,,,
P04,P1,pawn_endgame_rfp,our_engine,no_lmr,8/8/8/8/2k5/8/2P5/2K5 b - - 0 1,"K+P boundary, black to move",100,Enable LMR=false,,0,-70,,True,,0,0,-70,70,3,,,c4c3,0,0,unclassified,,,,,,0,cp:0,c4c3,177,,37,,,,,0,cp:0,c4c3,819,,42,,,,,0,cp:0,c4c3,2613,,57,,,,,0,cp:0,c4c3,7451,,90,,,,
P05,P1,pawn_endgame_rfp,our_engine,no_lmr,8/5k2/6p1/5p2/5P2/6P1/5K2/8 w - - 0 1,Passed pawn race,0,Enable LMR=false,,9,0,,True,,9,9,0,0,6,,,f2e2,0,-9,unclassified,,,,,,0,cp:0,f2e2,1023,,43,,,,,0,cp:0,f2e2,2693,,57,,,,,0,cp:0,f2e2,8132,,101,,,,,0,cp:0,f2e2,19685,,193,,,,
P06,P1,pawn_endgame_rfp,our_engine,no_lmr,8/6k1/6p1/5p2/P4P2/6P1/6K1/8 w - - 0 1,Outside passer race,100,Enable LMR=false,,118,990,,True,,118,118,990,990,7,,,a4a5,1379,1492,unstable,,,,,,146,cp:146,a4a5,546,,41,,,,,231,cp:231,a4a5,3145,,74,,,,,1610,cp:1610,a4a5,20872,,219,,,,,1743,cp:1743,a4a5,528886,,4722,,,,
N01,P1,low_material_nmp,our_engine,no_lmr,8/8/8/3k4/3P4/3K1N2/8/8 w - - 0 1,Pawn opposition plus knight; NMP guard candidate,420,Enable LMR=false,,807,478,,True,,807,807,478,478,4,,,f3e5,416,595,unstable,,,,,,1047,cp:1047,d3c3,1040,,39,,,,,986,cp:986,f3e1,9024,,111,,,,,1402,cp:1402,f3e5,40328,,397,,,,,1327,cp:1327,f3e5,120956,,1063,,,,
N02,P1,low_material_nmp,our_engine,no_lmr,8/8/5n2/3k4/3P4/3K4/8/8 b - - 0 1,Pawn opposition plus black knight; NMP guard candidate,-220,Enable LMR=false,,10,229,,True,,10,-10,229,-229,4,,,f6g4,474,516,unstable,,,,,,36,cp:36,f6e8,1326,,41,,,,,52,cp:52,f6g4,5424,,75,,,,,526,cp:526,f6g4,43404,,434,,,,,867,cp:867,f6g4,86385,,814,,,,
N03,P1,low_material_nmp,our_engine,no_lmr,8/8/8/3k4/3P4/3K4/4B3/8 w - - 0 1,Pawn opposition plus bishop; NMP guard candidate,430,Enable LMR=false,,263,455,,True,,263,263,455,455,4,,,e2d1,298,1055,unstable,,,,,,916,cp:916,d3e3,1269,,43,,,,,1214,cp:1214,e2f3,7756,,109,,,,,1318,cp:1318,e2d1,44397,,429,,,,,1439,cp:1439,e2d1,132031,,1094,,,,
N04,P1,low_material_nmp,our_engine,no_lmr,8/8/8/3k4/3P4/3K4/8/4b3 b - - 0 1,Pawn opposition plus black bishop; NMP guard candidate,-230,Enable LMR=false,,21,247,,True,,21,-21,247,-247,4,,,e1f2,393,706,unstable,,,,,,47,cp:47,e1b4,1240,,44,,,,,334,cp:334,e1a5,12565,,142,,,,,727,cp:727,e1f2,31905,,329,,,,,663,cp:663,e1f2,145837,,1234,,,,
T01,P1,tactical_search,our_engine,no_lmr,r3k2r/p1ppqpb1/bn2pnp1/2pPN3/1p2P3/2N2Q2/PPPBBPPP/R3K2R w KQkq - 0 1,"Kiwipete-like, corrected to 8 black pawns",0,Enable LMR=false,,-17,390,,True,,-17,-17,390,390,32,,,e2a6,27,10,unclassified,,,,,,33,cp:33,e2a6,6939,,159,,,,,6,cp:6,e2a6,52603,,1011,,,,,-7,cp:-7,e2a6,127522,,2472,,,,,-5,cp:-5,e2a6,385302,,7360,,,,
T02,P1,tactical_search,our_engine,no_lmr,r2q1rk1/ppp2ppp/2n2n2/2bpp3/4P3/2NP1N2/PPP2PPP/R1BQ1RK1 w - - 0 1,Central tension capture sequence,0,Enable LMR=false,,14,-98,,True,,14,14,-98,-98,30,,,c1g5,97,98,unclassified,,,,,,52,cp:52,c1g5,5656,,107,,,,,63,cp:63,c1g5,19925,,329,,,,,112,cp:112,e4d5,135303,,2003,,,,,15,cp:15,c1g5,751144,,10757,,,,
T03,P1,tactical_search,our_engine,no_lmr,r1bq1rk1/ppp2ppp/2n2n2/3pp3/1b1PP3/2N2N2/PPP2PPP/R1BQKB1R w KQ - 0 1,"King-side pressure, uncastled king",0,Enable LMR=false,,-22,-123,,True,,-22,-22,-123,-123,32,,,f3e5,45,-129,unclassified,,,,,,-79,cp:-79,d4e5,4352,,87,,,,,-106,cp:-106,d4e5,28355,,448,,,,,-151,cp:-151,f3e5,116514,,1926,,,,,-153,cp:-153,f3e5,426189,,7096,,,,
T04,P1,tactical_search,our_engine,no_lmr,r2q1rk1/ppp2ppp/2n2n2/3pp3/1b1PP3/2N2N2/PPP2PPP/R1BQ1RK1 w - - 0 1,Exposed king / attacking compensation,0,Enable LMR=false,,24,4,,True,,24,24,4,4,30,,,c3d5,35,50,unclassified,,,,,,21,cp:21,f3e5,6475,,105,,,,,56,cp:56,c3d5,20676,,283,,,,,74,cp:74,c3d5,71348,,951,,,,,79,cp:79,c3d5,265903,,3432,,,,
T05,P1,tactical_search,our_engine,no_lmr,r1bq1rk1/ppp2ppp/2n2n2/3pp3/3PP3/2N2N2/PPP2PPP/R1BQ1RK1 w - - 0 1,Sacrifice-compensation candidate,0,Enable LMR=false,,19,10,,True,,19,19,10,10,30,,,d4e5,41,41,unclassified,,,,,,21,cp:21,c1g5,5883,,103,,,,,62,cp:62,d4e5,21002,,307,,,,,60,cp:60,d4e5,79005,,1056,,,,,84,cp:84,d4e5,246270,,3337,,,,
T06,P1,tactical_search,our_engine,no_lmr,r1bq1rk1/ppp2ppp/2n2n2/3pp3/1b1PP3/2N1BN2/PPP2PPP/R2QKB1R w KQ - 0 1,Pinned knight / central break candidate,0,Enable LMR=false,,-16,-71,,True,,-16,-16,-71,-71,32,,,f3e5,76,-117,unclassified,,,,,,-66,cp:-66,f3e5,3864,,82,,,,,-57,cp:-57,e4d5,28941,,522,,,,,-133,cp:-133,f3e5,196933,,3594,,,,,-131,cp:-131,f3e5,499014,,9065,,,,
Q01,P1,quiet_static,our_engine,no_see_pruning,r2q1rk1/ppp2ppp/2n1bn2/3pp3/3P4/2PBPN2/PP1N1PPP/R2Q1RK1 w - - 0 1,Italian-like quiet center,0,Enable SEE Pruning=false;Enable Shallow SEE Pruning=false,,16,-67,,True,,16,16,-67,-67,30,,,f3e5,60,142,unclassified,,,,,,99,cp:99,f3e5,2077,,266,,,,,98,cp:98,f3e5,7052,,331,,,,,158,cp:158,f3e5,19848,,522,,,,,159,cp:159,f3e5,58918,,1081,,,,
Q02,P1,quiet_static,our_engine,no_see_pruning,r1bq1rk1/pp2bppp/2n1pn2/2ppN3/3P4/2P1PN2/PP1BBPPP/R2Q1RK1 w - - 0 1,Sicilian developed center,0,Enable SEE Pruning=false;Enable Shallow SEE Pruning=false,,17,130,,True,,17,17,130,130,32,,,e5c6,8,0,unclassified,,,,,,25,cp:25,e5c6,2479,,61,,,,,25,cp:25,e5c6,9347,,149,,,,,17,cp:17,e5c6,34151,,482,,,,,23,cp:23,e5c6,188419,,2684,,,,
Q03,P1,quiet_static,our_engine,no_see_pruning,r2q1rk1/1pp1bppp/p1npbn2/4p3/2BPP3/2N1BN2/PPP2PPP/R2Q1RK1 w - - 0 1,"Closed center, active minors",0,Enable SEE Pruning=false;Enable Shallow SEE Pruning=false,,21,-4,,True,,21,21,-4,-4,32,,,d4d5,117,14,unclassified,,,,,,36,cp:36,c4e6,1928,,52,,,,,41,cp:41,c4e6,4898,,97,,,,,35,cp:35,c4e6,16214,,251,,,,,152,cp:152,d4d5,55251,,843,,,,
Q04,P1,quiet_static,our_engine,no_see_pruning,r2q1rk1/pp2bppp/2n1bn2/2pp4/3P4/2NBPN2/PPQ2PPP/R1B2RK1 w - - 0 1,QGD/Carlsbad development,0,Enable SEE Pruning=false;Enable Shallow SEE Pruning=false,,-2,-59,,True,,-2,-2,-59,-59,30,,,d4c5,38,-15,unclassified,,,,,,-4,cp:-4,f3g5,2634,,65,,,,,-42,cp:-42,f3g5,17487,,266,,,,,-17,cp:-17,d4c5,45553,,693,,,,,-23,cp:-23,d4c5,121720,,1811,,,,
Q05,P1,quiet_static,our_engine,no_see_pruning,r2q1rk1/pp2bppp/2n1bn2/2ppp3/3PP3/2PB1N2/PP1N1PPP/R1BQ1RK1 w - - 0 1,French-style locked center,0,Enable SEE Pruning=false;Enable Shallow SEE Pruning=false,,-16,-128,,True,,-16,-16,-128,-128,32,,,d4e5,57,101,unclassified,,,,,,30,cp:30,e4d5,3445,,66,,,,,87,cp:87,d4e5,9642,,150,,,,,85,cp:85,d4e5,17847,,256,,,,,99,cp:99,d4e5,76983,,1105,,,,
Q06,P1,quiet_static,our_engine,no_see_pruning,r2q1rk1/pp1bbppp/2n1pn2/2pp4/2PP4/2NBPN2/PP2BPPP/R2Q1RK1 w - - 0 1,English/QGD quiet tension,0,Enable SEE Pruning=false;Enable Shallow SEE Pruning=false,,26,28,,True,,26,26,28,28,32,,,c4d5,11,-10,unclassified,,,,,,27,cp:27,c4d5,3102,,69,,,,,16,cp:16,c4d5,11576,,182,,,,,16,cp:16,c4d5,37191,,549,,,,,25,cp:25,c4d5,103574,,1514,,,,
Q07,P1,quiet_static,our_engine,no_see_pruning,r2q1rk1/pp2bppp/2npbn2/2p1p3/2PPP3/2N1BN2/PP2BPPP/R2Q1RK1 w - - 0 1,KID/Benoni-style closed center,0,Enable SEE Pruning=false;Enable Shallow SEE Pruning=false,,56,131,,True,,56,56,131,131,32,,,d4d5,164,409,unstable,,,,,,469,cp:469,d4d5,2781,,61,,,,,629,cp:629,d4d5,15280,,231,,,,,465,cp:465,d4d5,37240,,522,,,,,429,cp:429,d4d5,148077,,2138,,,,
Q08,P1,quiet_static,our_engine,no_see_pruning,r1bq1rk1/pp2bppp/2n1pn2/2pp4/2PP4/2N1PN2/PP1BBPPP/R2Q1RK1 w - - 0 1,Maroczy-like quiet structure,0,Enable SEE Pruning=false;Enable Shallow SEE Pruning=false,,21,61,,True,,21,21,61,61,32,,,c4d5,15,1,unclassified,,,,,,37,cp:37,c4d5,1613,,50,,,,,22,cp:22,c4d5,4894,,98,,,,,22,cp:22,c4d5,17661,,284,,,,,24,cp:24,c4d5,53061,,776,,,,
P01,P1,pawn_endgame_rfp,our_engine,no_see_pruning,8/8/8/3k4/3P4/3K4/8/8 w - - 0 1,"Opposition, white to move",100,Enable SEE Pruning=false;Enable Shallow SEE Pruning=false,,0,150,,True,,0,0,150,150,3,,,d3c3,21,0,unclassified,,,,,,0,cp:0,d3c2,264,,34,,,,,0,cp:0,d3c2,799,,39,,,,,0,cp:0,d3c2,2505,,51,,,,,21,cp:21,d3c3,6637,,80,,,,
P02,P1,pawn_endgame_rfp,our_engine,no_see_pruning,8/8/8/3k4/3P4/3K4/8/8 b - - 0 1,"Opposition, black to move",100,Enable SEE Pruning=false;Enable Shallow SEE Pruning=false,,0,-150,,True,,0,0,-150,150,3,,,d5d6,22,-22,unclassified,,,,,,-10,cp:-10,d5e6,421,,33,,,,,0,cp:0,d5d6,938,,39,,,,,-22,cp:-22,d5d6,3354,,58,,,,,-44,cp:-44,d5d6,5992,,76,,,,
P03,P1,pawn_endgame_rfp,our_engine,no_see_pruning,8/8/8/8/2k5/8/2P5/2K5 w - - 0 1,"K+P boundary, white to move",100,Enable SEE Pruning=false;Enable Shallow SEE Pruning=false,,0,70,,True,,0,0,70,70,3,,,c1d1,0,0,unclassified,,,,,,0,cp:0,c1d1,221,,33,,,,,0,cp:0,c1d1,566,,36,,,,,0,cp:0,c1d1,1436,,43,,,,,0,cp:0,c1d1,3520,,56,,,,
P04,P1,pawn_endgame_rfp,our_engine,no_see_pruning,8/8/8/8/2k5/8/2P5/2K5 b - - 0 1,"K+P boundary, black to move",100,Enable SEE Pruning=false;Enable Shallow SEE Pruning=false,,0,-70,,True,,0,0,-70,70,3,,,c4c3,0,0,unclassified,,,,,,0,cp:0,c4c3,220,,30,,,,,0,cp:0,c4c3,614,,32,,,,,0,cp:0,c4c3,1643,,42,,,,,0,cp:0,c4c3,4932,,66,,,,
P05,P1,pawn_endgame_rfp,our_engine,no_see_pruning,8/5k2/6p1/5p2/5P2/6P1/5K2/8 w - - 0 1,Passed pawn race,0,Enable SEE Pruning=false;Enable Shallow SEE Pruning=false,,9,0,,True,,9,9,0,0,6,,,f2e2,0,-9,unclassified,,,,,,0,cp:0,f2e2,1125,,39,,,,,0,cp:0,f2e2,2316,,54,,,,,0,cp:0,f2e2,4459,,81,,,,,0,cp:0,f2e2,8876,,117,,,,
P06,P1,pawn_endgame_rfp,our_engine,no_see_pruning,8/6k1/6p1/5p2/P4P2/6P1/6K1/8 w - - 0 1,Outside passer race,100,Enable SEE Pruning=false;Enable Shallow SEE Pruning=false,,118,990,,True,,118,118,990,990,7,,,a4a5,1459,1572,unstable,,,,,,146,cp:146,a4a5,440,,37,,,,,231,cp:231,a4a5,1860,,50,,,,,1690,cp:1690,a4a5,53135,,509,,,,,1384,cp:1384,a4a5,775114,,6877,,,,
N01,P1,low_material_nmp,our_engine,no_see_pruning,8/8/8/3k4/3P4/3K1N2/8/8 w - - 0 1,Pawn opposition plus knight; NMP guard candidate,420,Enable SEE Pruning=false;Enable Shallow SEE Pruning=false,,807,478,,True,,807,807,478,478,4,,,f3d2,289,396,unstable,,,,,,1016,cp:1016,f3e5,692,,35,,,,,914,cp:914,f3e5,3815,,62,,,,,1203,cp:1203,f3d2,18135,,190,,,,,1287,cp:1287,f3d2,48578,,473,,,,
N02,P1,low_material_nmp,our_engine,no_see_pruning,8/8/5n2/3k4/3P4/3K4/8/8 b - - 0 1,Pawn opposition plus black knight; NMP guard candidate,-220,Enable SEE Pruning=false;Enable Shallow SEE Pruning=false,,10,229,,True,,10,-10,229,-229,4,,,f6g4,357,406,unstable,,,,,,33,cp:33,f6h5,825,,39,,,,,59,cp:59,f6g4,2821,,56,,,,,416,cp:416,f6g4,18918,,211,,,,,483,cp:483,f6g4,71362,,688,,,,
N03,P1,low_material_nmp,our_engine,no_see_pruning,8/8/8/3k4/3P4/3K4/4B3/8 w - - 0 1,Pawn opposition plus bishop; NMP guard candidate,430,Enable SEE Pruning=false;Enable Shallow SEE Pruning=false,,263,455,,True,,263,263,455,455,4,,,e2f3,233,990,unstable,,,,,,1028,cp:1028,e2f3,1760,,48,,,,,1261,cp:1261,e2g4,6028,,86,,,,,1253,cp:1253,e2g4,15598,,180,,,,,1319,cp:1319,e2f3,35154,,357,,,,
N04,P1,low_material_nmp,our_engine,no_see_pruning,8/8/8/3k4/3P4/3K4/8/4b3 b - - 0 1,Pawn opposition plus black bishop; NMP guard candidate,-230,Enable SEE Pruning=false;Enable Shallow SEE Pruning=false,,21,247,,True,,21,-21,247,-247,4,,,e1f2,722,783,unstable,,,,,,47,cp:47,e1b4,902,,40,,,,,82,cp:82,e1f2,5173,,83,,,,,804,cp:804,e1g3,20386,,227,,,,,799,cp:799,e1f2,40642,,431,,,,
T01,P1,tactical_search,our_engine,no_see_pruning,r3k2r/p1ppqpb1/bn2pnp1/2pPN3/1p2P3/2N2Q2/PPPBBPPP/R3K2R w KQkq - 0 1,"Kiwipete-like, corrected to 8 black pawns",0,Enable SEE Pruning=false;Enable Shallow SEE Pruning=false,,-17,390,,True,,-17,-17,390,390,32,,,e2a6,27,10,unclassified,,,,,,33,cp:33,e2a6,4922,,110,,,,,6,cp:6,e2a6,21193,,394,,,,,-7,cp:-7,e2a6,55997,,1039,,,,,-4,cp:-4,e2a6,160326,,2963,,,,
T02,P1,tactical_search,our_engine,no_see_pruning,r2q1rk1/ppp2ppp/2n2n2/2bpp3/4P3/2NP1N2/PPP2PPP/R1BQ1RK1 w - - 0 1,Central tension capture sequence,0,Enable SEE Pruning=false;Enable Shallow SEE Pruning=false,,14,-98,,True,,14,14,-98,-98,30,,,c1g5,26,39,unclassified,,,,,,24,cp:24,c1g5,5047,,94,,,,,27,cp:27,c1g5,10955,,181,,,,,53,cp:53,c1g5,37029,,538,,,,,55,cp:55,c1g5,80539,,1126,,,,
T03,P1,tactical_search,our_engine,no_see_pruning,r1bq1rk1/ppp2ppp/2n2n2/3pp3/1b1PP3/2N2N2/PPP2PPP/R1BQKB1R w KQ - 0 1,"King-side pressure, uncastled king",0,Enable SEE Pruning=false;Enable Shallow SEE Pruning=false,,-22,-123,,True,,-22,-22,-123,-123,32,,,c1g5,47,-91,unclassified,,,,,,-79,cp:-79,d4e5,4013,,86,,,,,-92,cp:-92,a2a3,20679,,320,,,,,-113,cp:-113,a2a3,86040,,1347,,,,,-160,cp:-160,c1g5,258794,,4228,,,,
T04,P1,tactical_search,our_engine,no_see_pruning,r2q1rk1/ppp2ppp/2n2n2/3pp3/1b1PP3/2N2N2/PPP2PPP/R1BQ1RK1 w - - 0 1,Exposed king / attacking compensation,0,Enable SEE Pruning=false;Enable Shallow SEE Pruning=false,,24,4,,True,,24,24,4,4,30,,,c3d5,48,39,unclassified,,,,,,21,cp:21,f3e5,4241,,81,,,,,15,cp:15,c3d5,18110,,266,,,,,63,cp:63,c3d5,34877,,485,,,,,76,cp:76,c3d5,89919,,1235,,,,
T05,P1,tactical_search,our_engine,no_see_pruning,r1bq1rk1/ppp2ppp/2n2n2/3pp3/3PP3/2N2N2/PPP2PPP/R1BQ1RK1 w - - 0 1,Sacrifice-compensation candidate,0,Enable SEE Pruning=false;Enable Shallow SEE Pruning=false,,19,10,,True,,19,19,10,10,30,,,d4e5,41,33,unclassified,,,,,,21,cp:21,d4e5,5491,,108,,,,,62,cp:62,d4e5,10250,,174,,,,,52,cp:52,c1g5,44970,,642,,,,,62,cp:62,d4e5,183566,,2536,,,,
T06,P1,tactical_search,our_engine,no_see_pruning,r1bq1rk1/ppp2ppp/2n2n2/3pp3/1b1PP3/2N1BN2/PPP2PPP/R2QKB1R w KQ - 0 1,Pinned knight / central break candidate,0,Enable SEE Pruning=false;Enable Shallow SEE Pruning=false,,-16,-71,,True,,-16,-16,-71,-71,32,,,a2a3,47,-92,unclassified,,,,,,-66,cp:-66,f3e5,3410,,77,,,,,-61,cp:-61,f3e5,13693,,253,,,,,-108,cp:-108,a2a3,62043,,1072,,,,,-140,cp:-140,a2a3,314304,,5274,,,,
